Code,Name,Sector,MarketCap,Close,Volume,Volume Spike,Momentum,RSI
373220,LG에너지솔루션,Unknown,101205000000000,432500.0,368538.0,1.04,72500.0,68.11
329180,HD현대중공업,Unknown,45451835392000,512000.0,133308.0,0.79,-5000.0,57.78
034020,두산에너빌리티,Unknown,51437060023800,80300.0,4709983.0,0.58,2700.0,75.15
005380,현대차,Unknown,50779925968000,248000.0,1123197.0,1.56,29500.0,82.95
207940,삼성바이오로직스,Unknown,80782490000000,1135000.0,102225.0,1.14,115000.0,71.06
005930,삼성전자,Unknown,580716480148200,98100.0,17555614.0,0.71,4800.0,76.59
000660,SK하이닉스,Unknown,353445148207500,485500.0,3333903.0,0.82,70500.0,79.71
000270,기아,Unknown,45088871415000,114500.0,1188885.0,1.18,13400.0,73.68
005935,삼성전자우,Unknown,62014074464000,76000.0,3003030.0,0.95,2700.0,75.0
012450,한화에어로스페이스,Unknown,49139921153000,953000.0,196306.0,0.89,-40000.0,43.77
402340,SK스퀘어,Unknown,34725704796000,262000.0,400177.0,0.64,16500.0,68.04
105560,KB금융,Unknown,45088820574600,118200.0,859897.0,0.97,6600.0,55.74
035420,NAVER,Unknown,40467980604000,258000.0,1527621.0,0.65,-4500.0,62.86
028260,삼성물산,Unknown,35355121152000,208000.0,297367.0,0.79,6500.0,57.35
055550,신한지주,Unknown,36120823089600,74400.0,1280106.0,0.92,4000.0,64.71
009540,HD한국조선해양,Unknown,29972414626000,423500.0,126354.0,0.68,3500.0,63.95
068270,셀트리온,Unknown,40899324173400,177100.0,466950.0,0.77,6200.0,38.66
012330,현대모비스,Unknown,28318786499000,308500.0,124554.0,0.68,19500.0,46.9
042660,한화오션,Unknown,34839202897800,113700.0,3226161.0,1.85,4300.0,55.13
032830,삼성생명,Unknown,31940000000000,159700.0,184891.0,0.63,2600.0,52.18
035720,카카오,Unknown,26008306514400,58800.0,1646974.0,0.62,-1000.0,34.69
015760,한국전력,Unknown,27090884049400,42200.0,3843883.0,1.49,6500.0,73.87
006400,삼성SDI,Unknown,20992530565000,260500.0,876562.0,1.47,50000.0,81.76
267260,HD현대일렉트릭,Unknown,24548098935000,681000.0,100790.0,0.73,15000.0,70.81
064350,현대로템,Unknown,23029023823000,211000.0,629224.0,0.81,1000.0,43.09
011200,HMM,Unknown,20962057693200,20450.0,1688157.0,0.88,400.0,40.15
086790,하나금융지주,Unknown,24604001957600,88400.0,684348.0,0.94,3100.0,47.03
010130,고려아연,Unknown,23676153912000,1224000.0,46180.0,1.02,71000.0,70.74
005490,POSCO홀딩스,Unknown,23834754364000,294500.0,332374.0,1.13,22000.0,62.7
051910,LG화학,Unknown,24530839192500,347500.0,449112.0,1.44,65500.0,71.12
138040,메리츠금융지주,Unknown,20676169214000,118000.0,324264.0,1.46,6200.0,51.79
000810,삼성화재,Unknown,20451958397500,444500.0,68300.0,0.81,-5500.0,39.39
316140,우리금융지주,Unknown,19049280504000,25950.0,1505743.0,0.87,800.0,44.9
298040,효성중공업,Unknown,15478749680000,1660000.0,58432.0,1.07,214000.0,71.04
003670,포스코퓨처엠,Unknown,17388986010000,195500.0,750173.0,1.16,37800.0,83.66
009150,삼성전기,Unknown,15872410400000,212500.0,522458.0,1.0,9000.0,56.41
033780,KT&G,Unknown,16722248904000,139500.0,279618.0,0.67,5500.0,44.85
096770,SK이노베이션,Unknown,20151092329600,119200.0,537124.0,1.57,15200.0,75.66
010140,삼성중공업,Unknown,19888000000000,22600.0,3271374.0,0.79,350.0,60.83
034730,SK,Unknown,16276856823500,224500.0,243645.0,0.89,2500.0,51.47
259960,크래프톤,Unknown,13649323968000,288000.0,102033.0,0.93,-15500.0,32.74
066570,LG전자,Unknown,14822661217000,91000.0,2111530.0,2.17,10000.0,76.61
024110,기업은행,Unknown,15454113341220,19380.0,929212.0,1.05,490.0,43.27
006800,미래에셋증권,Unknown,14400489302000,25250.0,9224287.0,2.97,3850.0,66.67
267250,HD현대,Unknown,13555213386000,171600.0,217997.0,1.12,15000.0,62.82
042700,한미반도체,Unknown,14230111460000,149300.0,2284959.0,1.25,21300.0,84.3
018260,삼성에스디에스,Unknown,13045897080000,168600.0,190640.0,0.94,1800.0,52.16
086280,현대글로비스,Unknown,12502500000000,166700.0,84838.0,0.37,8000.0,34.34
000150,두산,Unknown,11930208870000,722000.0,167669.0,1.09,132000.0,73.91
030200,KT,Unknown,12727095092500,50500.0,237599.0,0.61,650.0,54.42
443060,HD현대마린솔루션,Unknown,10221059880000,228000.0,70326.0,0.77,-11500.0,65.28
352820,하이브,Unknown,11475152723500,275500.0,146704.0,0.71,-8500.0,45.77
323410,카카오뱅크,Unknown,10899231485450,22850.0,1153092.0,1.46,150.0,34.48
003550,LG,Unknown,11859639886500,76900.0,322271.0,1.17,5300.0,55.56
017670,SK텔레콤,Unknown,11706057888500,54500.0,550983.0,0.76,200.0,43.59
003230,삼양식품,Unknown,10403093715000,1381000.0,63594.0,1.39,-48000.0,37.01
272210,한화시스템,Unknown,9956051800300,52700.0,746331.0,0.51,-2700.0,36.41
079550,LIG넥스원,Unknown,9757000000000,443500.0,118494.0,0.74,-21500.0,32.01
071050,한국금융지주,Unknown,9791056794400,175700.0,777159.0,2.88,33600.0,65.98
010120,LS ELECTRIC,Unknown,9585000000000,319500.0,432430.0,2.31,23500.0,64.97
278470,에이피알,Unknown,8777488597500,234500.0,571293.0,1.16,-24500.0,60.25
000100,유한양행,Unknown,9428278722300,117900.0,289999.0,0.84,-500.0,38.6
047810,한국항공우주,Unknown,9503822932500,97500.0,446475.0,0.46,-3900.0,35.94
005830,DB손해보험,Unknown,9388080000000,132600.0,257420.0,1.37,-600.0,29.02
047050,포스코인터내셔널,Unknown,9165577254800,52100.0,459655.0,1.15,3100.0,64.89
003490,대한항공,Unknown,8321786938600,22600.0,1591865.0,1.08,600.0,43.24
010620,HD현대미포,Unknown,8068314098000,202000.0,156560.0,0.66,0.0,58.78
326030,SK바이오팜,Unknown,8027108125000,102500.0,109871.0,0.67,100.0,29.69
005940,NH투자증권,Unknown,7625769496600,21400.0,1345974.0,1.92,2170.0,61.68
010950,S-Oil,Unknown,7599338460000,67500.0,334354.0,1.01,1300.0,70.51
039490,키움증권,Unknown,7335264910000,278000.0,234864.0,1.56,37500.0,50.93
377300,카카오페이,Unknown,6904757297200,51100.0,344934.0,0.62,-800.0,32.48
090430,아모레퍼시픽,Unknown,6989884700500,119500.0,134708.0,0.68,-1100.0,42.11
034220,LG디스플레이,Unknown,7265000000000,14530.0,1643990.0,0.42,-660.0,60.78
016360,삼성증권,Unknown,7054700000000,79000.0,721749.0,2.36,7300.0,62.98
021240,코웨이,Unknown,6759458502000,94000.0,229196.0,1.27,700.0,9.84
180640,한진칼,Unknown,6676227900000,100000.0,57028.0,0.67,3000.0,38.34
000880,한화,Unknown,6656335668000,88800.0,369012.0,1.6,4800.0,50.0
032640,LG유플러스,Unknown,6511899578250,15150.0,784203.0,0.76,220.0,58.12
005387,현대차2우B,Unknown,6391406404000,182800.0,151288.0,1.13,14500.0,79.39
064400,LG씨엔에스,Unknown,6152257698000,63500.0,536806.0,0.75,-900.0,41.4
000720,현대건설,Unknown,6302736299000,56600.0,639594.0,0.63,-1400.0,53.01
006260,LS,Unknown,6251240000000,197200.0,372647.0,2.15,26000.0,63.17
007660,이수페타시스,Unknown,6041578723700,82300.0,1507132.0,0.96,8900.0,62.46
029780,삼성카드,Unknown,5769772771800,49800.0,79488.0,1.17,400.0,33.65
241560,두산밥캣,Unknown,5684264654500,59300.0,237614.0,0.8,3000.0,76.67
088980,맥쿼리인프라,Unknown,5464499940130,11410.0,991310.0,0.91,-30.0,60.98
028050,삼성E&A,Unknown,5390000000000,27500.0,760899.0,1.12,100.0,40.91
454910,두산로보틱스,Unknown,4777232526000,73700.0,641050.0,1.04,4000.0,58.12
161390,한국타이어앤테크놀로지,Unknown,5308046706650,42850.0,317771.0,0.88,3800.0,87.72
011070,LG이노텍,Unknown,5088428005000,215000.0,189140.0,0.8,27800.0,65.78
009830,한화솔루션,Unknown,5045045931600,29350.0,732091.0,1.06,1100.0,44.92
001040,CJ,Unknown,4983431258400,170800.0,191791.0,1.27,-1000.0,21.05
450080,에코프로머티,Unknown,4615539984000,66000.0,1257448.0,1.94,17550.0,74.83
251270,넷마블,Unknown,4693061209200,54600.0,200305.0,0.93,-2400.0,15.33
138930,BNK금융지주,Unknown,4634626769960,14740.0,963818.0,1.12,640.0,48.38
128940,한미약품,Unknown,4528685318500,353500.0,95203.0,0.69,4500.0,33.51
004020,현대제철,Unknown,4470433797500,33500.0,341888.0,0.91,600.0,29.13
175330,JB금융지주,Unknown,4435448940800,23200.0,268422.0,0.64,600.0,43.59
036570,엔씨소프트,Unknown,4351892444000,202000.0,125236.0,1.31,-11500.0,21.43
078930,GS,Unknown,4320565077000,46500.0,213232.0,1.1,2100.0,56.77
051900,LG생활건강,Unknown,4307642208500,281500.0,44083.0,0.99,-8000.0,45.45
307950,현대오토에버,Unknown,4283625988400,156200.0,44668.0,0.75,6900.0,36.36
062040,산일전기,Unknown,4152725280000,136400.0,1047560.0,1.44,29200.0,60.35
005385,현대차우,Unknown,4236384240000,181500.0,134405.0,1.17,15000.0,79.85
066970,엘앤에프,Unknown,4169096775200,114800.0,1136958.0,1.53,40700.0,81.93
011790,SKC,Unknown,4067055205200,107400.0,288791.0,1.08,3200.0,55.95
271560,오리온,Unknown,3977334879200,100600.0,93185.0,0.72,-1500.0,32.7
302440,SK바이오사이언스,Unknown,3765637417250,48050.0,82088.0,0.79,2100.0,41.72
082740,한화엔진,Unknown,3855257960400,46200.0,1587398.0,0.84,-1000.0,56.39
022100,포스코DX,Unknown,3831275170800,25200.0,1023974.0,2.17,3800.0,75.36
052690,한전기술,Unknown,3676764000000,96200.0,382203.0,1.29,6000.0,69.13
035250,강원랜드,Unknown,3765352800000,17600.0,435857.0,1.09,40.0,36.71
036460,한국가스공사,Unknown,3729445200000,40400.0,215028.0,0.86,1350.0,68.42
031210,서울보증보험,Unknown,3442204781400,49300.0,33653.0,0.44,-1200.0,26.8
002380,KCC,Unknown,3519042516000,396000.0,27437.0,0.49,17500.0,42.81
097950,CJ제일제당,Unknown,3477516966000,231000.0,73433.0,1.25,-2500.0,42.0
439260,대한조선,Unknown,2943410236800,76400.0,145782.0,0.46,-2400.0,29.94
103140,풍산,Unknown,3362913360000,120000.0,212231.0,0.58,-2300.0,47.41
001440,대한전선,Unknown,3324355359000,17830.0,1707010.0,0.82,-310.0,65.57
017800,현대엘리베이터,Unknown,3236849478000,82800.0,341127.0,1.4,1900.0,50.64
004990,롯데지주,Unknown,3068595182250,29250.0,250502.0,1.12,1350.0,36.19
011170,롯데케미칼,Unknown,3066997542300,71700.0,144943.0,0.9,5600.0,68.91
071970,HD현대마린엔진,Unknown,2995268008500,88300.0,300199.0,0.86,-200.0,56.5
011780,금호석유화학,Unknown,2979349496200,112600.0,84254.0,0.89,4800.0,74.66
012750,에스원,Unknown,2906937117000,76500.0,46182.0,0.69,-2800.0,18.95
042670,HD현대인프라코어,Unknown,2838434107140,15030.0,1169586.0,0.84,490.0,37.65
088350,한화생명,Unknown,2757582750000,3175.0,1270627.0,1.13,90.0,42.57
489790,한화비전,Unknown,2696080026000,53400.0,576617.0,1.0,-1500.0,38.24
026960,동서,Unknown,2741750000000,27500.0,60467.0,0.87,1250.0,51.92
361610,SK아이이테크놀로지,Unknown,2711242365000,33150.0,305294.0,1.83,5250.0,68.03
111770,영원무역,Unknown,2729586428800,61600.0,43115.0,0.93,-100.0,46.75
012510,더존비즈온,Unknown,2716220889600,89400.0,157515.0,0.44,-4400.0,45.69
000990,DB하이텍,Unknown,2646155844800,59600.0,428887.0,0.71,600.0,57.63
018880,한온시스템,Unknown,2643780140040,3895.0,2687725.0,1.91,845.0,78.57
004370,농심,Unknown,2627701344000,432000.0,29986.0,0.55,-10500.0,34.84
008930,한미사이언스,Unknown,2605718055000,38100.0,68411.0,0.44,1550.0,27.04
383220,F&F,Unknown,2474637045000,64600.0,76927.0,1.21,1200.0,45.54
001450,현대해상,Unknown,2436150000000,27250.0,484619.0,0.98,-400.0,26.67
192820,코스맥스,Unknown,2377722135500,209500.0,76137.0,0.82,5500.0,28.08
014680,한솔케미칼,Unknown,2369055755000,209000.0,75144.0,1.0,-12500.0,51.64
462870,시프트업,Unknown,2236644446000,38050.0,73744.0,0.95,-1250.0,29.6
001720,신영증권,Unknown,2357496000000,143400.0,46712.0,1.95,12400.0,50.92
081660,미스토홀딩스,Unknown,2355756888800,39200.0,97121.0,0.99,1200.0,45.56
051600,한전KPS,Unknown,2254500000000,50100.0,149551.0,0.86,1800.0,53.91
030000,제일기획,Unknown,2318080683750,20150.0,344223.0,0.93,-500.0,40.91
139130,iM금융지주,Unknown,2207184550920,13620.0,725827.0,1.4,160.0,43.24
103590,일진전기,Unknown,2172069514500,45550.0,3606791.0,3.1,6150.0,83.28
336260,두산퓨얼셀,Unknown,2148194212800,32800.0,1000045.0,0.58,1100.0,59.59
018670,SK가스,Unknown,2168009718000,234500.0,15872.0,2.01,1000.0,48.72
000240,한국앤컴퍼니,Unknown,2164523472000,22800.0,56877.0,0.86,800.0,44.58
097230,HJ중공업,Unknown,2144312735750,25750.0,3667365.0,0.57,450.0,40.07
003690,코리안리,Unknown,2115756396660,10860.0,271872.0,0.94,-60.0,38.25
003570,SNT다이내믹스,Unknown,2051691404900,61700.0,70983.0,0.59,-5700.0,23.41
002790,아모레퍼시픽홀딩스,Unknown,2038102317000,25650.0,103376.0,0.87,-600.0,37.5
139480,이마트,Unknown,2020013950800,73200.0,105795.0,0.75,-100.0,25.0
028670,팬오션,Unknown,1993944279760,3730.0,1531381.0,0.99,180.0,39.13
008770,호텔신라,Unknown,1954556425800,49800.0,229155.0,0.62,-300.0,24.35
023530,롯데쇼핑,Unknown,1901004336000,67200.0,42302.0,0.71,300.0,23.08
006040,동원산업,Unknown,1882911602900,42650.0,50447.0,1.09,400.0,28.57
000120,CJ대한통운,Unknown,1868330973600,81900.0,61762.0,1.17,-700.0,46.3
020560,아시아나항공,Unknown,1853916399000,9000.0,73759.0,0.68,-50.0,17.86
010060,OCI홀딩스,Unknown,1849506341100,98300.0,135988.0,1.04,12400.0,51.57
282330,BGF리테일,Unknown,1840735989000,106500.0,50245.0,1.07,800.0,41.27
069960,현대백화점,Unknown,1837459615600,81200.0,104863.0,0.92,-1100.0,25.0
009970,영원무역홀딩스,Unknown,1835896232000,136000.0,10676.0,0.67,1400.0,33.33
484870,엠앤씨솔루션,Unknown,1803318300000,197000.0,55147.0,2.41,-200.0,46.41
017960,한국카본,Unknown,1829772933000,35250.0,395520.0,0.77,400.0,60.3
483650,달바글로벌,Unknown,1739956189500,141300.0,146904.0,1.1,-15300.0,23.11
009420,한올바이오파마,Unknown,1817974202400,34800.0,422267.0,1.3,300.0,58.33
112610,씨에스윈드,Unknown,1815478899150,43050.0,151131.0,1.03,450.0,41.46
034230,파라다이스,Unknown,1800060289320,19480.0,1059278.0,0.56,220.0,21.63
161890,한국콜마,Unknown,1798706867400,76200.0,145546.0,0.85,200.0,40.4
000155,두산우,Unknown,1768434435000,442500.0,46243.0,1.25,55000.0,84.86
204320,HL만도,Unknown,1709239168000,36400.0,328928.0,1.91,3550.0,58.39
004170,신세계,Unknown,1696587337900,175900.0,24038.0,0.52,-3200.0,19.15
457190,이수스페셜티케미컬,Unknown,1679580368000,55600.0,402314.0,1.02,6450.0,64.77
005850,에스엘,Unknown,1686081276000,36300.0,204933.0,1.43,2500.0,48.25
004800,효성,Unknown,1689107066300,100900.0,42194.0,0.96,12100.0,67.86
267270,HD현대건설기계,Unknown,1662859325400,95800.0,94210.0,0.77,3600.0,44.5
023590,다우기술,Unknown,1642118182200,36600.0,100594.0,1.5,2300.0,42.75
353200,대덕전자,Unknown,1625816832500,32900.0,1007903.0,0.56,-1000.0,63.24
005070,코스모신소재,Unknown,1632039951200,50200.0,1272679.0,1.49,8500.0,64.34
375500,DL이앤씨,Unknown,1586438543000,41000.0,201266.0,1.06,-250.0,42.53
069620,대웅제약,Unknown,1622120500000,140000.0,61377.0,1.53,6100.0,44.62
006360,GS건설,Unknown,1582401750100,18490.0,289203.0,0.79,-120.0,43.96
007310,오뚜기,Unknown,1573073275000,392500.0,5780.0,0.79,-1000.0,15.94
006280,녹십자,Unknown,1527430516600,130700.0,49841.0,1.32,1200.0,28.92
047040,대우건설,Unknown,1525335081460,3670.0,995628.0,0.9,45.0,49.66
032350,롯데관광개발,Unknown,1507273221800,18950.0,1129975.0,0.77,2070.0,42.12
395400,SK리츠,Unknown,1505105176200,5100.0,441637.0,1.17,50.0,55.56
077970,STX엔진,Unknown,1485478331000,37000.0,357370.0,0.6,-1200.0,32.49
011210,현대위아,Unknown,1457656448800,53600.0,128624.0,1.55,5650.0,63.16
00680K,미래에셋증권2우B,Unknown,1456125000000,10590.0,2230430.0,2.3,1150.0,63.92
085620,미래에셋생명,Unknown,1455073073580,8220.0,108743.0,0.82,40.0,60.87
003540,대신증권,Unknown,1452119240000,28600.0,488847.0,1.92,1850.0,54.76
007340,DN오토모티브,Unknown,1413037389750,24150.0,63748.0,0.62,400.0,61.22
007070,GS리테일,Unknown,1408784942750,16850.0,173735.0,1.07,700.0,49.88
020150,롯데에너지머티리얼즈,Unknown,1403394408400,26800.0,124813.0,1.29,3800.0,69.72
073240,금호타이어,Unknown,1355868554640,4720.0,600864.0,1.3,305.0,44.51
229640,LS에코에너지,Unknown,1307682333300,42700.0,535989.0,1.45,450.0,59.62
000080,하이트진로,Unknown,1323421239570,18870.0,138573.0,0.92,30.0,40.96
100090,SK오션플랜트,Unknown,1305792896100,20900.0,1358255.0,0.47,-2200.0,23.79
051915,LG화학우,Unknown,1299407200000,169000.0,52805.0,1.14,29700.0,73.31
003090,대웅,Unknown,1293659055000,22250.0,72994.0,0.6,800.0,28.89
005440,현대지에프홀딩스,Unknown,1269061010140,8140.0,128037.0,0.48,420.0,45.45
294870,HDC현대산업개발,Unknown,1262784442800,19160.0,441014.0,1.81,-1040.0,29.52
300720,한일시멘트,Unknown,1258482181800,18170.0,67641.0,0.95,-70.0,15.65
001800,오리온홀딩스,Unknown,1217827003680,19440.0,117351.0,1.22,-40.0,23.02
082640,동양생명,Unknown,1215030145050,7530.0,89271.0,0.52,-430.0,37.04
137310,에스디바이오센서,Unknown,1188271235520,9760.0,82004.0,0.71,90.0,21.67
415640,KB발해인프라,Unknown,1154379062160,9420.0,214637.0,1.44,130.0,87.06
003530,한화투자증권,Unknown,1210049451000,5640.0,7491127.0,1.49,-60.0,47.64
004000,롯데정밀화학,Unknown,1210020000000,46900.0,69268.0,1.11,1400.0,36.61
075580,세진중공업,Unknown,1171098793600,20600.0,761218.0,0.49,200.0,45.04
001120,LX인터내셔널,Unknown,1158924000000,29900.0,105390.0,0.84,-750.0,28.3
330590,롯데리츠,Unknown,1121199269920,3880.0,400186.0,1.06,-10.0,31.82
365550,ESR켄달스퀘어리츠,Unknown,1101248275000,4475.0,367853.0,0.81,-10.0,46.88
185750,종근당,Unknown,1120785736000,81200.0,39701.0,0.7,500.0,39.83
036530,SNT홀딩스,Unknown,1116816191000,68500.0,14302.0,0.6,-700.0,20.11
030610,교보증권,Unknown,1091765166380,9580.0,205607.0,1.57,580.0,52.36
192400,쿠쿠홀딩스,Unknown,1079312314750,30350.0,25325.0,0.58,-1550.0,38.55
192080,더블유게임즈,Unknown,1076944890600,50100.0,67635.0,1.44,-400.0,25.68
005300,롯데칠성,Unknown,1067071660000,115000.0,17472.0,0.95,1900.0,36.51
000815,삼성화재우,Unknown,1061582175000,342500.0,11208.0,1.23,2500.0,46.84
009450,경동나비엔,Unknown,1059136638400,72700.0,60768.0,1.27,1200.0,30.53
285130,SK케미칼,Unknown,1054206141300,61100.0,42182.0,0.93,2800.0,43.97
114090,GKL,Unknown,1053402060100,17030.0,228974.0,0.7,1500.0,45.21
012630,HDC,Unknown,1051454289600,17600.0,153692.0,0.78,100.0,41.88
071320,지역난방공사,Unknown,1044402708800,90200.0,19965.0,0.91,6900.0,46.11
089860,롯데렌탈,Unknown,1036633027400,28550.0,29783.0,0.9,-350.0,23.81
280360,롯데웰푸드,Unknown,1037460001000,111500.0,9857.0,0.52,800.0,33.61
009240,한샘,Unknown,1036669528400,44050.0,35016.0,0.84,-1200.0,43.01
001740,SK네트웍스,Unknown,1035580581360,4680.0,159193.0,0.45,-25.0,57.52
100840,SNT에너지,Unknown,1013358367000,49000.0,241840.0,1.15,-6400.0,38.04
120110,코오롱인더,Unknown,987935366900,35900.0,92729.0,0.89,850.0,43.86
108320,LX세미콘,Unknown,948208690000,58300.0,58099.0,0.87,-900.0,56.85
000500,가온전선,Unknown,942957555000,57000.0,36937.0,0.9,1900.0,42.77
064960,SNT모티브,Unknown,942179656000,35500.0,44421.0,0.54,2450.0,49.03
003240,태광산업,Unknown,934142600000,839000.0,646.0,0.58,20000.0,33.57
008730,율촌화학,Unknown,933720000000,37650.0,289336.0,1.94,7650.0,77.37
006120,SK디스커버리,Unknown,932071034000,50800.0,11403.0,0.66,-200.0,37.5
298020,효성티앤씨,Unknown,910977061000,210500.0,9769.0,0.76,4000.0,36.23
004490,세방전지,Unknown,912800000000,65200.0,34627.0,0.72,2300.0,56.25
001430,세아베스틸지주,Unknown,907311610700,25300.0,58940.0,0.54,300.0,47.79
181710,NHN,Unknown,884672422600,26200.0,129671.0,0.7,-700.0,49.35
000070,삼양홀딩스,Unknown,881162555400,102600.0,15221.0,0.85,3700.0,71.98
000670,영풍,Unknown,867523630000,45400.0,20873.0,0.43,-400.0,60.74
014820,동원시스템즈,Unknown,853793254900,29450.0,46581.0,1.48,2050.0,64.65
499790,GS피앤엘,Unknown,807115228700,40700.0,175966.0,0.74,-3550.0,18.8
079160,CJ CGV,Unknown,849431735550,5130.0,308913.0,0.49,-160.0,45.0
248070,솔루엠,Unknown,825786395720,17270.0,168688.0,0.8,70.0,27.99
298050,HS효성첨단소재,Unknown,830582359200,185400.0,8665.0,1.06,8000.0,43.28
475150,SK이터닉스,Unknown,796595391200,23600.0,504601.0,0.72,-50.0,49.13
281820,케이씨텍,Unknown,813129693900,39300.0,93357.0,0.72,-950.0,51.34
030190,NICE평가정보,Unknown,805124203290,13530.0,88936.0,0.94,80.0,39.13
006650,대한유화,Unknown,786500000000,121000.0,35842.0,1.07,13000.0,61.65
000210,DL,Unknown,781654473200,37300.0,71357.0,1.07,1050.0,49.28
005690,파미셀,Unknown,782021040920,13030.0,3166630.0,1.66,560.0,55.43
003470,유안타증권,Unknown,773436732000,3875.0,668575.0,1.76,225.0,60.8
066575,LG전자우,Unknown,762198745200,44350.0,185401.0,1.59,5450.0,77.61
381970,케이카,Unknown,746958974400,15300.0,45313.0,0.68,-30.0,32.37
002840,미원상사,Unknown,752875000000,158500.0,2404.0,1.01,5500.0,51.15
093370,후성,Unknown,751859863300,7010.0,1381004.0,1.33,790.0,69.6
069260,TKG휴켐스,Unknown,740311228680,18110.0,55505.0,0.87,430.0,51.67
950210,프레스티지바이오파마,Unknown,737379821850,12270.0,186723.0,1.4,-660.0,17.54
001680,대상,Unknown,734538130000,21200.0,95799.0,1.23,0.0,25.86
00088K,한화3우B,Unknown,734458091850,37850.0,100957.0,2.0,1700.0,48.43
003850,보령,Unknown,732622747780,8540.0,98998.0,0.56,160.0,40.65
079900,전진건설로봇,Unknown,722330977500,49500.0,139385.0,2.56,2950.0,56.37
451800,한화리츠,Unknown,721992000000,4020.0,324251.0,0.94,40.0,51.67
002030,아세아,Unknown,729449000000,350000.0,1822.0,1.16,11500.0,48.24
071055,한국금융지주우,Unknown,729352249500,124500.0,78826.0,2.86,22400.0,62.22
039130,하나투어,Unknown,727252307400,46950.0,86686.0,1.07,-700.0,20.28
001270,부국증권,Unknown,725892020000,70000.0,125068.0,1.85,8400.0,48.8
005250,녹십자홀딩스,Unknown,726585844500,15450.0,83638.0,1.09,130.0,24.83
007700,F&F홀딩스,Unknown,718139778120,18360.0,17985.0,0.85,90.0,34.0
271940,일진하이솔루스,Unknown,705565281700,19430.0,64657.0,1.01,1270.0,63.92
003620,KG모빌리티,Unknown,709324066560,3505.0,396078.0,1.7,240.0,60.0
005420,코스모화학,Unknown,709015888880,18460.0,480761.0,1.92,2880.0,65.83
214320,이노션,Unknown,708800000000,17720.0,79685.0,0.64,-60.0,30.1
195870,해성디에스,Unknown,697000000000,41000.0,264679.0,0.77,-1250.0,74.16
005180,빙그레,Unknown,697566319000,73000.0,37361.0,0.61,-2200.0,36.19
268280,미원에스씨,Unknown,692000000000,138400.0,884.0,1.22,-300.0,46.37
000640,동아쏘시오홀딩스,Unknown,696130221000,106500.0,13504.0,1.01,-2700.0,20.25
019170,신풍제약,Unknown,687745170200,12980.0,191340.0,0.33,280.0,39.8
249420,일동제약,Unknown,683386243200,21600.0,1011747.0,0.23,-3000.0,36.56
293940,신한알파리츠,Unknown,671217682650,5550.0,184245.0,0.85,10.0,40.0
450140,코오롱모빌리티그룹,Unknown,629655817500,10030.0,1876411.0,0.42,-100.0,38.72
383800,LX홀딩스,Unknown,627027271800,8220.0,175777.0,0.96,280.0,59.7
003160,디아이,Unknown,633920000000,22400.0,2702612.0,1.02,200.0,77.15
001570,금양,Unknown,633275240400,9900.0,0.0,,0.0,
00104K,CJ4우(전환),Unknown,625101124800,147900.0,14965.0,1.24,1900.0,24.37
000370,한화손해보험,Unknown,635059697600,5440.0,593239.0,1.04,20.0,35.8
057050,현대홈쇼핑,Unknown,631200000000,52600.0,16354.0,1.58,-700.0,20.34
006380,카프로,Unknown,618539985360,3660.0,0.0,,0.0,
336370,솔루스첨단소재,Unknown,615103933440,8760.0,218009.0,1.36,1060.0,68.87
025540,한국단자,Unknown,611957500000,60500.0,14648.0,0.83,1200.0,31.88
002350,넥센타이어,Unknown,608470873710,6230.0,143077.0,1.94,220.0,64.13
348950,제이알글로벌리츠,Unknown,591141120000,2995.0,557409.0,0.98,5.0,60.66
145720,덴티움,Unknown,604358118000,54600.0,26705.0,0.7,500.0,28.71
003030,세아제강지주,Unknown,607995247600,146800.0,8130.0,0.7,2300.0,28.76
002020,코오롱,Unknown,601649198900,47650.0,273239.0,2.07,6800.0,59.38
000400,롯데손해보험,Unknown,599569770240,1932.0,410725.0,0.12,-73.0,37.96
005810,풍산홀딩스,Unknown,599759347200,41600.0,19332.0,0.72,1550.0,54.04
090460,비에이치,Unknown,572421915240,16980.0,984955.0,1.25,120.0,22.39
097520,엠씨넥스,Unknown,570792991000,31750.0,44280.0,0.68,400.0,73.04
377740,바이오노트,Unknown,566411066400,5550.0,64169.0,1.03,-290.0,22.58
284740,쿠쿠홈시스,Unknown,562055116500,25050.0,21387.0,0.75,-350.0,27.84
003545,대신증권우,Unknown,561600000000,21600.0,98778.0,1.46,1100.0,57.58
002960,한국쉘석유,Unknown,558350000000,429500.0,2529.0,1.52,16500.0,79.27
010780,아이에스동서,Unknown,558157186240,18490.0,27561.0,0.92,690.0,47.57
322000,HD현대에너지솔루션,Unknown,542080000000,48400.0,52479.0,0.56,3200.0,39.29
001500,현대차증권,Unknown,555260735120,8980.0,240036.0,1.92,730.0,60.0
016800,퍼시스,Unknown,544525000000,47350.0,3315.0,1.6,850.0,60.9
016380,KG스틸,Unknown,558049645260,5580.0,141352.0,0.8,80.0,55.75
017810,풀무원,Unknown,535974820520,14060.0,131509.0,0.59,140.0,41.21
145990,삼양사,Unknown,535268003100,51900.0,24047.0,1.8,900.0,52.54
093050,LF,Unknown,535092000000,18300.0,37791.0,0.84,220.0,56.23
456040,OCI,Unknown,515663712000,57600.0,47986.0,1.1,1200.0,46.21
005880,대한해운,Unknown,533824100360,1654.0,1673522.0,0.68,-21.0,34.85
006220,제주은행,Unknown,530691740280,14040.0,210038.0,0.21,160.0,54.63
178920,PI첨단소재,Unknown,530355775320,18060.0,107415.0,0.92,950.0,51.39
003300,한일홀딩스,Unknown,528167302920,17130.0,17985.0,1.18,440.0,76.32
001060,JW중외제약,Unknown,519276239000,22300.0,48300.0,1.03,1200.0,54.17
004690,삼천리,Unknown,519043200000,128000.0,6026.0,0.72,4000.0,42.94
453340,현대그린푸드,Unknown,506074315320,15420.0,27117.0,0.63,290.0,57.84
161000,애경케미칼,Unknown,514703341220,10580.0,531772.0,1.48,330.0,57.89
014830,유니드,Unknown,506216480000,74800.0,23513.0,0.97,-3100.0,48.5
009900,명신산업,Unknown,500565068820,9540.0,312741.0,2.35,1310.0,62.96
017940,E1,Unknown,503524000000,73400.0,6816.0,0.66,1900.0,31.82
091810,티웨이항공,Unknown,495617609325,1821.0,0.0,0.0,-15.0,40.57
034310,NICE,Unknown,503090389100,13550.0,55910.0,1.06,370.0,46.91
002710,TCC스틸,Unknown,494128188450,18850.0,259534.0,1.55,2820.0,67.31
033240,자화전자,Unknown,492787805400,22650.0,101077.0,0.59,1400.0,57.96
094800,맵스리얼티1,Unknown,484595207820,5220.0,116493.0,1.21,-60.0,71.19
009410,태영건설,Unknown,482050004220,1620.0,122548.0,0.54,32.0,48.57
089590,제주항공,Unknown,471749762250,5850.0,129843.0,1.62,-350.0,13.98
058650,세아홀딩스,Unknown,482000000000,120500.0,730.0,0.56,3800.0,42.6
183190,아세아시멘트,Unknown,469075431200,12560.0,71441.0,0.76,330.0,48.96
002240,고려제강,Unknown,467640000000,17320.0,19240.0,0.68,370.0,42.62
007810,코리아써키트,Unknown,452809796670,19170.0,954840.0,0.95,600.0,56.61
005610,SPC삼립,Unknown,447845567100,51900.0,3674.0,0.56,1200.0,29.09
016590,신대양제지,Unknown,447708780200,11110.0,51835.0,1.69,-160.0,51.19
072710,농심홀딩스,Unknown,441053829000,95100.0,63488.0,0.25,2400.0,26.88
029530,신도리코,Unknown,437977260050,43450.0,12517.0,1.37,-100.0,52.45
460860,동국제강,Unknown,430101507390,8670.0,238845.0,1.31,-190.0,27.14
192650,드림텍,Unknown,435385059120,6320.0,107490.0,1.09,160.0,42.37
344820,KCC글라스,Unknown,428009721600,26800.0,53896.0,1.23,150.0,28.77
170900,동아에스티,Unknown,426012979750,45550.0,7299.0,0.54,1050.0,27.42
016610,DB증권,Unknown,425737281670,10030.0,272484.0,1.99,880.0,55.25
090435,아모레퍼시픽우,Unknown,424424766000,40200.0,31950.0,1.7,650.0,37.5
357120,코람코라이프인프라리츠,Unknown,420975406050,4325.0,169223.0,1.17,-80.0,37.78
005389,현대차3우B,Unknown,422199792800,181400.0,22946.0,1.42,15800.0,86.43
105630,한세실업,Unknown,421600000000,10540.0,60487.0,0.47,430.0,41.32
026890,스틱인베스트먼트,Unknown,420949567500,10100.0,122250.0,1.5,-150.0,36.56
448730,삼성FN리츠,Unknown,404717250000,4445.0,68850.0,0.71,35.0,88.0
037270,YG PLUS,Unknown,417630001600,6560.0,938064.0,0.56,-850.0,5.41
024720,콜마홀딩스,Unknown,410526220230,11970.0,160064.0,0.84,-110.0,30.97
432320,KB스타리츠,Unknown,403121782875,3975.0,96940.0,1.28,-10.0,54.29
017860,DS단석,Unknown,388611085200,22100.0,124071.0,1.34,1500.0,54.43
004700,조광피혁,Unknown,402272849000,60500.0,3197.0,0.52,-1400.0,28.28
003280,흥아해운,Unknown,399345757239,1661.0,2916228.0,0.26,-54.0,52.96
018250,애경산업,Unknown,397733621100,15060.0,55322.0,1.14,130.0,53.23
130660,한전산업,Unknown,398372000000,12220.0,112323.0,0.68,330.0,53.66
272450,진에어,Unknown,393066000000,7530.0,87722.0,1.38,-130.0,15.0
403550,쏘카,Unknown,383921834380,11690.0,4252.0,0.71,190.0,28.35
001530,DI동일,Unknown,386693888000,19600.0,55031.0,0.17,800.0,25.48
011930,신성이엔지,Unknown,382671712709,1859.0,4652924.0,0.82,74.0,50.6
003960,사조대림,Unknown,379867157150,41450.0,101600.0,4.07,3700.0,56.85
475560,더본코리아,Unknown,369416000000,25000.0,19772.0,1.1,-500.0,20.63
060980,HL홀딩스,Unknown,374527840050,40650.0,22706.0,0.93,-650.0,56.52
000157,두산2우B,Unknown,373289884000,418000.0,2803.0,0.95,36000.0,71.43
034120,SBS,Unknown,371952321900,20050.0,32599.0,0.74,1140.0,43.67
006110,삼아알미늄,Unknown,371475879000,25250.0,95788.0,1.12,4750.0,67.09
001200,유진투자증권,Unknown,370514048850,3825.0,1330844.0,1.28,240.0,58.89
027410,BGF,Unknown,369466813260,3860.0,75995.0,0.98,-45.0,34.44
104700,한국철강,Unknown,368874000000,10120.0,22146.0,0.74,-10.0,41.25
029460,케이씨,Unknown,365844421950,27650.0,32894.0,0.36,-1150.0,53.71
015360,INVENI,Unknown,361200000000,60200.0,9422.0,1.39,-1400.0,25.71
003000,부광약품,Unknown,359632725795,3645.0,320236.0,0.53,75.0,45.0
003520,영진약품,Unknown,359201323684,1964.0,181633.0,0.76,-11.0,38.94
306200,세아제강,Unknown,358508320000,126400.0,4235.0,0.64,2300.0,48.68
241590,화승엔터프라이즈,Unknown,352629586320,5820.0,94159.0,0.49,270.0,27.14
126560,현대퓨처넷,Unknown,358159571250,3250.0,86095.0,1.21,-15.0,54.55
005945,NH투자증권우,Unknown,356661295200,18900.0,168659.0,2.67,1340.0,62.18
001940,KISCO홀딩스,Unknown,357953595000,25250.0,11435.0,0.72,450.0,27.71
001820,삼화콘덴서,Unknown,351351000000,33800.0,160000.0,0.74,-1150.0,52.55
084010,대한제강,Unknown,350045235150,14950.0,21181.0,1.65,-500.0,9.83
001390,KG케미칼,Unknown,349876794400,5110.0,231297.0,0.71,40.0,52.42
031430,신세계인터내셔날,Unknown,345301110000,9770.0,229067.0,3.09,-190.0,17.24
025860,남해화학,Unknown,339803286120,6840.0,92029.0,1.44,250.0,40.78
006390,한일현대시멘트,Unknown,343839284880,17790.0,33017.0,1.07,90.0,25.27
105840,우진,Unknown,336291205500,16650.0,1169504.0,0.3,850.0,58.54
020000,한섬,Unknown,339483112110,15130.0,99464.0,1.6,-170.0,41.31
001510,SK증권,Unknown,335539021410,710.0,7894877.0,2.01,51.0,55.47
200880,서연이화,Unknown,332179490730,12290.0,218567.0,1.87,1400.0,70.51
003920,남양유업,Unknown,331800000000,55300.0,3505.0,0.7,2100.0,34.48
005090,SGC에너지,Unknown,331414659000,23000.0,17552.0,1.11,100.0,40.62
084690,대상홀딩스,Unknown,330620471940,9130.0,83808.0,0.73,240.0,38.92
900140,엘브이엠씨홀딩스,Unknown,330054657856,1708.0,541502.0,1.02,8.0,55.14
007690,국도화학,Unknown,325981286400,35200.0,11183.0,0.79,1100.0,30.95
034830,한국토지신탁,Unknown,327983509770,1299.0,547289.0,0.72,-37.0,28.38
000320,노루홀딩스,Unknown,323639526850,24350.0,16979.0,0.35,-50.0,16.28
002310,아세아제지,Unknown,320570327000,7700.0,108716.0,0.88,60.0,35.51
017390,서울가스,Unknown,318000000000,63600.0,10000.0,1.39,2300.0,54.22
138490,코오롱ENP,Unknown,316920000000,8340.0,104870.0,1.1,840.0,80.98
003120,일성아이에스,Unknown,316540000000,23800.0,3740.0,0.51,-100.0,41.98
286940,롯데이노베이트,Unknown,313934365250,20750.0,11612.0,0.56,-150.0,33.85
013890,지누스,Unknown,313121884320,14070.0,63168.0,0.73,-1140.0,23.44
016880,웅진,Unknown,311715612000,3900.0,405898.0,0.41,5.0,23.83
092790,넥스틸,Unknown,309423800000,11900.0,204280.0,0.85,400.0,39.39
009160,SIMPAC,Unknown,310790201000,4750.0,77000.0,0.87,-60.0,63.68
008060,대덕,Unknown,311450478500,9190.0,63179.0,0.42,50.0,64.11
377190,디앤디플랫폼리츠,Unknown,301444000000,3410.0,107631.0,0.99,30.0,47.22
015860,일진홀딩스,Unknown,309902193240,6280.0,187319.0,1.12,330.0,73.65
033270,유나이티드제약,Unknown,306912515380,18790.0,29524.0,0.72,70.0,31.17
010690,화신,Unknown,303807567000,8700.0,565724.0,2.07,940.0,67.88
126720,수산인더스트리,Unknown,300006000000,21000.0,19966.0,0.58,-450.0,41.05
088260,이리츠코크렙,Unknown,298338888900,4710.0,46518.0,1.14,25.0,52.38
012030,DB,Unknown,297737420840,1480.0,258051.0,0.26,-73.0,33.23
002320,한진,Unknown,297539745300,19530.0,21602.0,1.08,-210.0,39.26
005720,넥센,Unknown,297169072350,5550.0,11505.0,0.21,150.0,33.57
011760,현대코퍼레이션,Unknown,296328838400,22400.0,51175.0,1.25,1550.0,53.25
009290,광동제약,Unknown,296177808150,5650.0,56625.0,0.21,50.0,28.33
009680,모토닉,Unknown,295086000000,10520.0,57165.0,1.31,510.0,58.7
008490,서흥,Unknown,295012381500,25500.0,36992.0,0.55,-450.0,46.1
003220,대원제약,Unknown,293352785640,13080.0,27395.0,0.78,80.0,42.98
092230,KPX홀딩스,Unknown,293612897000,69500.0,2381.0,1.4,2500.0,56.45
035150,백산,Unknown,293187459320,13960.0,43844.0,0.87,-30.0,47.3
194370,제이에스코퍼레이션,Unknown,284944563560,9820.0,60822.0,0.44,-310.0,28.32
417310,코람코더원리츠,Unknown,277548000000,6870.0,132897.0,0.52,290.0,65.45
002810,삼영무역,Unknown,284206329720,15390.0,21410.0,1.15,440.0,39.47
010580,에스엠벡셀,Unknown,282023211600,2535.0,14734261.0,2.19,485.0,68.62
002900,TYM,Unknown,281568475000,6250.0,522383.0,1.43,690.0,67.42
123890,한국자산신탁,Unknown,275953203130,2255.0,169724.0,0.65,20.0,35.71
000680,LS네트웍스,Unknown,272658435360,3460.0,236744.0,1.18,-125.0,23.97
001340,PKC,Unknown,270408810140,6020.0,129947.0,1.6,250.0,65.96
005500,삼진제약,Unknown,272023000000,19570.0,16149.0,0.28,310.0,48.05
009155,삼성전기우,Unknown,270349512000,93000.0,24711.0,0.75,1000.0,51.15
122900,아이마켓코리아,Unknown,267430720000,8000.0,38428.0,1.08,-60.0,31.58
000490,대동,Unknown,264982286320,10040.0,205286.0,1.72,520.0,60.0
004360,세방,Unknown,261310293010,13670.0,40439.0,0.9,130.0,33.06
078520,에이블씨엔씨,Unknown,264303875760,10160.0,163955.0,0.5,-630.0,23.04
001790,대한제당,Unknown,256980701700,2865.0,226184.0,0.79,45.0,39.19
006405,삼성SDI우,Unknown,255303988800,157800.0,24636.0,2.36,30200.0,72.56
108670,LX하우시스,Unknown,253785061000,28300.0,32699.0,1.19,550.0,39.53
226320,잇츠한불,Unknown,252187122500,11500.0,20836.0,1.07,-150.0,23.04
003200,일신방직,Unknown,253019200000,11020.0,45136.0,0.91,820.0,61.68
136490,선진,Unknown,251588210320,10580.0,45038.0,0.34,30.0,31.9
000540,흥국화재,Unknown,250546315500,3900.0,90348.0,1.11,65.0,34.34
007570,일양약품,Unknown,249067915200,13050.0,0.0,,0.0,
051905,LG생활건강우,Unknown,244614700500,116500.0,9614.0,1.23,2500.0,57.94
001750,한양증권,Unknown,243242284740,19110.0,173942.0,4.35,1690.0,58.29
003350,한국화장품제조,Unknown,242008800000,53400.0,19891.0,0.73,-300.0,23.23
037710,광주신세계,Unknown,240307138000,30200.0,32172.0,2.54,100.0,42.86
096760,JW홀딩스,Unknown,239516812080,3240.0,60482.0,1.1,75.0,36.84
000430,대원강업,Unknown,236840000000,3820.0,92739.0,1.32,215.0,51.2
011500,한농화성,Unknown,237995779240,15220.0,219605.0,2.05,980.0,60.59
007160,사조산업,Unknown,236500000000,47300.0,9599.0,1.4,1350.0,42.47
001130,대한제분,Unknown,236262000000,139800.0,4542.0,1.76,-1200.0,20.13
210980,SK디앤디,Unknown,236254577580,12690.0,99184.0,0.35,10.0,88.22
006340,대원전선,Unknown,235434609500,3140.0,1060919.0,0.57,-120.0,56.63
009470,삼화전기,Unknown,236113374000,35700.0,87850.0,0.45,-5000.0,33.21
001520,동양,Unknown,236058538307,989.0,29331274.0,0.55,217.0,65.43
035510,신세계 I&C,Unknown,234879120000,16800.0,3531430.0,10.61,2660.0,65.81
025000,KPX케미칼,Unknown,234256000000,48400.0,4986.0,0.84,-900.0,28.99
053210,스카이라이프,Unknown,234050553375,4925.0,24498.0,0.81,-20.0,18.37
004980,성신양회,Unknown,233638175690,9530.0,31023.0,0.46,-90.0,32.14
001230,동국홀딩스,Unknown,232779535560,7320.0,26525.0,0.61,220.0,41.28
001630,종근당홀딩스,Unknown,232708043450,46450.0,6723.0,0.93,-150.0,27.43
001460,BYC,Unknown,232044472500,37150.0,1622.0,0.68,-50.0,27.88
272550,삼양패키징,Unknown,228431467900,14900.0,36763.0,0.31,250.0,73.98
005010,휴스틸,Unknown,231775809375,4125.0,213944.0,0.97,120.0,53.38
004430,송원산업,Unknown,231600000000,9650.0,18117.0,0.52,270.0,35.25
058430,포스코스틸리온,Unknown,231000000000,38500.0,12126.0,1.53,2200.0,62.73
000140,하이트진로홀딩스,Unknown,227890432300,9820.0,25080.0,0.79,210.0,38.71
053690,한미글로벌,Unknown,227917040000,20800.0,82259.0,0.41,-950.0,47.06
030210,다올투자증권,Unknown,225980203260,3710.0,154851.0,1.08,260.0,57.67
010820,퍼스텍,Unknown,224350914800,4600.0,837829.0,0.83,-60.0,51.16
487570,HS효성,Unknown,224300805400,60200.0,8599.0,0.53,4200.0,38.67
000480,CR홀딩스,Unknown,224136542200,4780.0,11820.0,0.06,-20.0,31.11
117580,대성에너지,Unknown,223025000000,8110.0,35715.0,0.95,90.0,46.27
214420,토니모리,Unknown,222025794770,9230.0,184922.0,0.61,-810.0,30.68
007860,서연,Unknown,217658153880,9270.0,29043.0,0.73,600.0,51.43
005680,삼영전자,Unknown,219000000000,10950.0,94619.0,2.91,410.0,53.95
044450,KSS해운,Unknown,215852978000,9350.0,36280.0,0.56,370.0,58.21
081000,일진다이아,Unknown,216879428250,15270.0,339173.0,0.74,1300.0,74.06
006060,화승인더,Unknown,215748000000,3900.0,102658.0,0.72,145.0,43.18
033920,무학,Unknown,215460000000,7560.0,373845.0,6.73,-430.0,8.99
001045,CJ우,Unknown,215173229600,95200.0,6271.0,0.79,3800.0,35.92
334890,이지스밸류플러스리츠,Unknown,214776483075,4175.0,242167.0,1.64,-90.0,55.29
339770,교촌에프앤비,Unknown,212601415400,4255.0,85597.0,1.17,0.0,30.71
298690,에어부산,Unknown,213217920000,1828.0,375943.0,2.25,-43.0,5.0
271980,제일약품,Unknown,213367692720,14510.0,20603.0,0.12,-1030.0,49.92
039570,HDC랩스,Unknown,212333176180,8180.0,18513.0,1.38,-90.0,22.86
293480,하나제약,Unknown,210964869020,11870.0,12209.0,0.64,160.0,30.19
004710,한솔테크닉스,Unknown,211282997240,6580.0,309458.0,0.46,300.0,63.93
001080,만호제강,Unknown,211235000000,50900.0,11003.0,0.25,1700.0,77.7
002150,도화엔지니어링,Unknown,210750000000,6250.0,20800.0,0.51,10.0,46.77
008970,KBI동양철관,Unknown,209340376340,2620.0,5633140.0,1.76,155.0,56.49
004380,삼익THK,Unknown,209160000000,9960.0,0.0,,0.0,
452260,한화갤러리아,Unknown,208399080750,1075.0,459763.0,1.08,-20.0,14.52
033530,SJG세종,Unknown,208657207500,7500.0,2791079.0,7.77,1650.0,64.81
000520,삼일제약,Unknown,208458303710,9610.0,165833.0,0.96,-250.0,14.66
084680,이월드,Unknown,208455103710,1470.0,78525.0,0.53,7.0,44.81
102460,이연제약,Unknown,206871206430,11130.0,19264.0,1.01,-160.0,39.92
102260,동성케미컬,Unknown,206477494965,4115.0,51446.0,0.66,40.0,42.71
028100,동아지질,Unknown,206064435780,15390.0,26990.0,1.42,420.0,52.63
003610,방림,Unknown,205433027380,5110.0,121118.0,1.16,90.0,57.14
001250,GS글로벌,Unknown,205096403540,2485.0,291344.0,0.81,15.0,37.74
003547,대신증권2우B,Unknown,204500000000,20450.0,65177.0,1.9,1030.0,62.6
092200,디아이씨,Unknown,202998330180,5220.0,3497283.0,4.26,495.0,72.24
037560,LG헬로비전,Unknown,202523551975,2615.0,90999.0,0.68,35.0,31.4
234080,JW생명과학,Unknown,199040343780,12570.0,32135.0,0.72,20.0,56.96
001780,알루코,Unknown,201406674560,2080.0,316562.0,1.19,80.0,45.1
213500,한솔제지,Unknown,198734809600,8350.0,23668.0,0.33,60.0,35.48
404990,신한서부티엔디리츠,Unknown,196721273070,3415.0,85147.0,0.97,0.0,53.7
007460,에이프로젠,Unknown,198638237824,608.0,1396030.0,0.63,-19.0,18.18
016580,환인제약,Unknown,197160742000,10600.0,30620.0,0.72,-220.0,32.14
02826K,삼성물산우B,Unknown,196950578000,134200.0,5091.0,0.61,3100.0,55.71
005430,한국공항,Unknown,195997374500,61900.0,4168.0,0.4,-1700.0,33.13
134380,미원화학,Unknown,195734852000,89000.0,2640.0,2.03,4300.0,55.56
014280,금강공업,Unknown,195040224050,6650.0,36108054.0,14.46,1845.0,85.26
070960,모나용평,Unknown,193255331995,4015.0,174235.0,1.41,165.0,42.79
009270,신원,Unknown,194701464320,1760.0,4732917.0,3.26,139.0,46.87
003555,LG우,Unknown,191211136500,63500.0,11792.0,2.29,1900.0,59.26
002100,경농,Unknown,189173751750,9690.0,27868.0,1.36,140.0,46.51
101530,해태제과식품,Unknown,188677006560,6480.0,25401.0,0.74,-50.0,25.4
128820,대성산업,Unknown,188631943260,4170.0,99946.0,0.47,35.0,41.23
000050,경방,Unknown,187246294100,6830.0,35074.0,1.56,80.0,31.76
400760,NH올원리츠,Unknown,185935595875,3385.0,122824.0,0.66,-10.0,60.53
003650,미창석유,Unknown,186666805600,107300.0,526.0,0.54,800.0,47.59
095570,AJ네트웍스,Unknown,184631256720,4080.0,71677.0,0.32,-65.0,27.46
011000,진원생명과학,Unknown,185766610800,2175.0,310545.0,0.59,5.0,26.44
036420,콘텐트리중앙,Unknown,182414056760,9470.0,43079.0,0.84,-520.0,18.37
462520,조선내화,Unknown,179605795200,15150.0,13252.0,0.08,0.0,58.54
011785,금호석유화학우,Unknown,182316205800,60300.0,9250.0,1.37,2400.0,67.01
100250,진양홀딩스,Unknown,181659699000,3250.0,38819.0,0.66,10.0,56.25
097955,CJ제일제당 우,Unknown,181460091100,136700.0,7491.0,1.33,-900.0,30.1
015230,대창단조,Unknown,180862215900,6330.0,73551.0,0.88,310.0,55.65
071840,롯데하이마트,Unknown,180598996800,7650.0,15932.0,0.55,150.0,33.83
004090,한국석유,Unknown,178733209600,14080.0,42869.0,0.43,160.0,49.12
018470,조일알미늄,Unknown,178550726610,1410.0,445309.0,1.11,69.0,53.69
090350,노루페인트,Unknown,177200000000,8860.0,118774.0,1.76,-160.0,31.29
095720,웅진씽크빅,Unknown,175453591215,1519.0,107209.0,0.81,-34.0,16.33
004560,현대비앤지스틸,Unknown,174914207600,11600.0,24424.0,0.42,-260.0,54.95
013580,계룡건설,Unknown,174152686500,19500.0,50893.0,0.93,210.0,41.1
000020,동화약품,Unknown,172337169900,6170.0,34598.0,0.62,-80.0,28.33
019680,대교,Unknown,172793814000,2040.0,16559.0,0.34,-15.0,29.23
003070,코오롱글로벌,Unknown,172287688300,9100.0,6683.0,0.55,130.0,51.02
092220,KEC,Unknown,169243327863,843.0,1019479.0,0.59,-74.0,48.21
009070,KCTC,Unknown,169200000000,5640.0,214498.0,0.78,50.0,52.86
083420,그린케미칼,Unknown,169200000000,7050.0,62244.0,1.13,180.0,28.57
010955,S-Oil우,Unknown,165301199700,41100.0,15682.0,0.92,1000.0,69.66
007110,일신석재,Unknown,164595296250,2125.0,2869992.0,1.08,120.0,44.08
069460,대호에이엘,Unknown,164565989280,1890.0,760016.0,1.06,-20.0,84.74
025820,이구산업,Unknown,164367430000,4915.0,207567.0,0.33,-15.0,61.09
009580,무림P&P,Unknown,164340533740,2635.0,79600.0,1.28,80.0,57.63
016450,한세예스24홀딩스,Unknown,163800000000,4095.0,37797.0,0.84,70.0,45.83
008040,사조동아원,Unknown,163163157600,1156.0,472807.0,0.1,-32.0,15.0
000300,DH오토넥스,Unknown,162944308992,1984.0,0.0,,0.0,
460850,동국씨엠,Unknown,161751728960,5410.0,43388.0,1.09,240.0,39.34
006805,미래에셋증권우,Unknown,162856427500,11570.0,432022.0,3.74,1310.0,65.31
107590,미원홀딩스,Unknown,162632000000,70100.0,141.0,0.49,1000.0,23.64
000390,삼화페인트,Unknown,161588605860,5940.0,25240.0,0.61,10.0,36.73
068290,삼성출판사,Unknown,161500000000,16150.0,7226.0,0.28,-150.0,44.33
123690,한국화장품,Unknown,160197960000,9970.0,97950.0,0.44,-30.0,37.8
002390,한독,Unknown,159656982800,11600.0,10072.0,0.69,-150.0,45.71
003460,유화증권,Unknown,158766762000,2800.0,89342.0,1.58,105.0,56.52
002170,삼양통상,Unknown,157800000000,52600.0,1828.0,1.95,-1000.0,18.18
008110,대동전자,Unknown,157776322880,15040.0,0.0,,0.0,
000860,강남제비스코,Unknown,157170000000,12090.0,15686.0,0.8,270.0,47.9
000970,한국주철관,Unknown,157095445000,6890.0,34894.0,1.12,210.0,41.67
005950,이수화학,Unknown,154609713720,5880.0,74115.0,1.89,680.0,62.39
003720,삼영,Unknown,153850000000,4525.0,183086.0,0.87,-250.0,27.18
244920,에이플러스에셋,Unknown,150341158450,6650.0,67641.0,0.62,-230.0,35.74
077500,유니퀘스트,Unknown,152064718080,7040.0,274495.0,0.48,-580.0,46.53
027970,한국제지,Unknown,152522946074,802.0,65160.0,0.82,8.0,45.24
007540,샘표,Unknown,150691920000,52400.0,197791.0,1.64,2550.0,63.18
014710,사조씨푸드,Unknown,153072847270,8890.0,15781.0,0.48,-390.0,53.23
015890,태경산업,Unknown,150235775000,5140.0,45990.0,1.01,-10.0,43.48
004250,NPC,Unknown,150184800000,4090.0,33189.0,1.14,70.0,42.03
031440,신세계푸드,Unknown,148122360000,38250.0,37187.0,2.16,1100.0,30.59
298000,효성화학,Unknown,147501447900,38900.0,0.0,,0.0,
000700,유수홀딩스,Unknown,147136237800,5650.0,5306.0,0.62,70.0,25.0
00279K,아모레퍼시픽홀딩스3우C,Unknown,145744710000,20550.0,5728.0,1.1,-300.0,30.77
094280,효성ITX,Unknown,146789140000,12700.0,7292.0,0.72,10.0,38.53
003830,대한화섬,Unknown,146611200000,110400.0,136.0,0.65,1300.0,27.03
003480,한진중공업홀딩스,Unknown,145877271280,4940.0,65286.0,0.35,115.0,30.58
001360,삼성제약,Unknown,145574574134,1546.0,233400.0,1.06,-28.0,16.58
008350,남선알미늄,Unknown,145213976250,1125.0,372521.0,0.65,30.0,50.0
044820,코스맥스비티아이,Unknown,145115246310,15110.0,92566.0,2.79,-1320.0,23.31
035000,HS애드,Unknown,144302132390,8710.0,13915.0,0.6,-10.0,27.93
020120,키다리스튜디오,Unknown,144178049740,3890.0,40595.0,0.1,-140.0,25.15
004970,신라교역,Unknown,144000000000,9000.0,16235.0,1.57,-90.0,30.34
350520,이지스레지던스리츠,Unknown,142672201740,3870.0,56291.0,0.9,35.0,41.82
214390,경보제약,Unknown,143441160000,6000.0,25315.0,0.23,-150.0,45.27
363280,티와이홀딩스,Unknown,138428340660,2745.0,50187.0,0.71,-70.0,36.36
079430,현대리바트,Unknown,142720209900,6950.0,27551.0,0.87,-20.0,27.69
078000,텔코웨어,Unknown,142204785030,15390.0,21912.0,0.08,360.0,23.96
004140,동방,Unknown,140077556720,2920.0,411516.0,0.77,-45.0,38.68
214330,금호에이치티,Unknown,138241487340,634.0,602443.0,1.09,32.0,71.59
033180,KH 필룩스,Unknown,138166306200,5310.0,0.0,,0.0,
014580,태경비케이,Unknown,137363838000,4980.0,138802.0,0.84,40.0,57.58
016710,대성홀딩스,Unknown,136277717730,8470.0,15457.0,0.93,250.0,41.38
024090,디씨엠,Unknown,136002000000,11930.0,1895.0,0.19,310.0,46.05
210540,디와이파워,Unknown,135702591320,12290.0,28694.0,0.84,290.0,43.68
004080,신흥,Unknown,134425000000,14150.0,8508.0,2.66,350.0,63.54
019440,세아특수강,Unknown,134891800000,15740.0,9403.0,0.83,440.0,46.71
006840,AK홀딩스,Unknown,134197792930,10130.0,18664.0,1.52,380.0,33.8
025620,제이준코스메틱,Unknown,132828571920,16540.0,394309.0,0.69,3990.0,77.86
004150,한솔홀딩스,Unknown,132105716400,3220.0,40329.0,0.56,30.0,44.12
002620,제일파마홀딩스,Unknown,131620445200,8240.0,2298.0,0.08,-540.0,30.0
002990,금호건설,Unknown,131523481800,3555.0,63861.0,0.73,-120.0,32.41
139990,아주스틸,Unknown,131380853460,3390.0,33891.0,1.17,-110.0,0.0
012320,경동인베스트,Unknown,131495278800,55600.0,8714.0,0.45,-1200.0,36.26
011280,태림포장,Unknown,129999705840,1836.0,35733.0,0.63,-12.0,25.23
120030,조선선재,Unknown,129412287900,102900.0,3102.0,0.39,-100.0,33.55
089470,HDC현대EP,Unknown,129354500000,4055.0,30811.0,0.84,0.0,48.53
267850,아시아나IDT,Unknown,128760000000,11600.0,2459.0,0.51,20.0,34.67
248170,샘표식품,Unknown,128140422300,28050.0,49107.0,0.48,1100.0,77.36
058850,KTcs,Unknown,127841575000,2995.0,260420.0,0.17,-85.0,49.06
005960,동부건설,Unknown,127353979650,5550.0,29070.0,0.58,-20.0,21.35
001020,페이퍼코리아,Unknown,127258068795,715.0,17345.0,1.07,4.0,39.02
011330,유니켐,Unknown,126587437280,1360.0,327894.0,1.24,-14.0,14.96
010100,한국무브넥스,Unknown,126064738800,4140.0,176611.0,0.76,235.0,45.56
317400,자이에스앤디,Unknown,124297976600,3205.0,43301.0,1.1,-25.0,20.9
012610,경인양행,Unknown,125889504125,3025.0,61289.0,1.08,105.0,52.27
017370,우신시스템,Unknown,125634410440,6860.0,19255.0,0.37,160.0,31.43
000105,유한양행우,Unknown,123880606000,104900.0,3158.0,0.78,-600.0,34.17
007210,벽산,Unknown,123222980000,1843.0,114351.0,0.47,-33.0,23.46
101140,인바이오젠,Unknown,122639877360,12210.0,3141.0,0.23,-190.0,51.67
015590,DKME,Unknown,122045495160,515.0,0.0,,0.0,
063160,종근당바이오,Unknown,121788356400,22200.0,10659.0,0.46,-550.0,32.41
004310,현대약품,Unknown,121280000000,3790.0,74994.0,0.27,5.0,29.91
013520,화승코퍼레이션,Unknown,120873773580,2415.0,462202.0,1.64,330.0,78.72
45014K,코오롱모빌리티그룹우,Unknown,117648148000,47900.0,372863.0,0.65,6900.0,54.4
014160,대영포장,Unknown,120643133037,1113.0,242417.0,0.56,-7.0,31.14
012800,대창,Unknown,120032037183,1317.0,347177.0,0.57,-20.0,58.55
005800,신영와코루,Unknown,118080000000,13120.0,6948.0,1.46,-750.0,16.47
267290,경동도시가스,Unknown,120855823000,20500.0,18821.0,1.77,300.0,48.0
011700,한신기계,Unknown,116806143600,3600.0,186950.0,0.31,-50.0,51.68
011690,와이투솔루션,Unknown,116123700950,3175.0,302444.0,0.37,-115.0,33.62
002200,한국수출포장,Unknown,115600000000,2890.0,77092.0,1.54,-25.0,35.48
264900,크라운제과,Unknown,114968943000,9180.0,7216.0,0.32,70.0,38.32
034590,인천도시가스,Unknown,114837292500,26250.0,3245.0,1.4,300.0,68.42
014530,극동유화,Unknown,114197350500,3275.0,64581.0,0.5,-45.0,37.5
017900,광전자,Unknown,114149213110,1970.0,40190.0,0.88,44.0,60.1
006660,삼성공조,Unknown,113849659140,14010.0,33757.0,0.2,90.0,52.54
000180,성창기업지주,Unknown,113764859600,1631.0,26608.0,0.38,-57.0,30.49
019180,티에이치엔,Unknown,113760000000,6320.0,631770.0,0.54,500.0,54.84
017550,수산세보틱스,Unknown,113379219210,1817.0,85511.0,0.94,46.0,45.69
005870,휴니드,Unknown,113210440300,8020.0,35472.0,0.33,-150.0,41.4
003060,에이프로젠바이오로직스,Unknown,112497248115,567.0,322921.0,0.81,-33.0,14.47
013570,디와이,Unknown,112253234745,4265.0,33577.0,0.99,35.0,47.27
023450,동남합성,Unknown,110600000000,31600.0,2385.0,1.56,-150.0,18.67
011810,STX,Unknown,109493282310,3530.0,0.0,,0.0,
480370,씨케이솔루션,Unknown,106068151700,9700.0,27658.0,1.04,320.0,44.34
002220,한일철강,Unknown,109326098700,4095.0,101007.0,0.69,-190.0,69.23
002450,삼익악기,Unknown,108546567085,1199.0,128613.0,1.15,-11.0,17.86
227840,현대코퍼레이션홀딩스,Unknown,108481965120,11920.0,15261.0,0.87,70.0,27.61
396690,미래에셋글로벌리츠,Unknown,106143919200,2680.0,50835.0,0.73,0.0,17.14
021820,세원정공,Unknown,107100000000,10710.0,13026.0,0.71,-70.0,41.98
079980,휴비스,Unknown,104707500000,3035.0,969227.0,10.61,230.0,51.13
067830,세이브존I&C,Unknown,103833464350,2530.0,23286.0,1.0,-20.0,30.65
006890,태경케미컬,Unknown,103820000000,8950.0,11720.0,0.48,300.0,26.05
003780,진양산업,Unknown,103220000000,7940.0,347649.0,2.58,200.0,71.63
002780,진흥기업,Unknown,102557580225,705.0,445777.0,1.96,-13.0,26.83
005740,크라운해태홀딩스,Unknown,103040588180,6940.0,49147.0,1.15,40.0,34.48
002460,HS화성,Unknown,101601500000,10010.0,45668.0,1.66,20.0,36.51
003580,HLB글로벌,Unknown,101387904670,2015.0,189548.0,1.11,-10.0,28.81
119650,KC코트렐,Unknown,100782913662,918.0,0.0,,0.0,
010660,화천기계,Unknown,101310000000,4605.0,144495.0,0.46,90.0,50.54
008700,아남전자,Unknown,100493640460,1303.0,152879.0,0.84,-35.0,44.87
016740,두올,Unknown,99498863280,3470.0,58659.0,0.76,90.0,60.0
33626K,두산퓨얼셀1우,Unknown,99296006000,7430.0,38061.0,0.63,570.0,59.75
011150,CJ씨푸드,Unknown,99348587345,2765.0,140908.0,1.05,15.0,32.2
008260,NI스틸,Unknown,97526398970,3410.0,132379.0,2.32,-100.0,16.49
000230,일동홀딩스,Unknown,97862592000,8480.0,81043.0,0.13,-900.0,44.07
03473K,SK우,Unknown,97431833500,172100.0,6227.0,0.57,-17300.0,51.84
085310,엔케이,Unknown,97417197670,1235.0,747739.0,0.19,-40.0,27.5
058860,KTis,Unknown,97271590000,2795.0,63981.0,0.43,-40.0,26.19
001560,제일연마,Unknown,96922000000,9890.0,1339.0,0.31,220.0,37.97
004840,DRB동일,Unknown,96760150000,4855.0,16275.0,0.27,-10.0,36.08
000590,CS홀딩스,Unknown,96630143400,83700.0,424.0,0.45,2500.0,46.39
023000,삼원강재,Unknown,96400000000,2410.0,109443.0,2.39,10.0,42.86
032560,황금에스티,Unknown,96390000000,5670.0,20702.0,1.08,0.0,38.67
007980,TP,Unknown,94315764590,1843.0,3103776.0,1.94,108.0,52.85
023800,인지컨트롤스,Unknown,94538998060,5980.0,149329.0,4.09,350.0,52.34
011390,부산산업,Unknown,96201600000,91100.0,12679.0,2.38,7500.0,53.55
004890,동일산업,Unknown,94219602750,38850.0,1018.0,0.58,650.0,27.78
163560,동일고무벨트,Unknown,94103000000,6770.0,101251.0,0.63,140.0,56.36
002700,신일전자,Unknown,93711680199,1319.0,207533.0,0.64,20.0,62.5
036580,팜스코,Unknown,93472614935,2545.0,19888.0,0.43,-55.0,34.65
002600,조흥,Unknown,93000000000,155000.0,20.0,0.06,2100.0,33.54
007280,한국특강,Unknown,92436232720,1520.0,50986.0,1.22,-27.0,26.0
096775,SK이노베이션우,Unknown,91759311000,73500.0,3607.0,1.29,5400.0,70.43
002720,국제약품,Unknown,91622072560,4330.0,38872.0,0.5,0.0,28.18
010040,한국내화,Unknown,91579548260,2230.0,22602.0,0.32,70.0,59.77
014990,인디에프,Unknown,90135594000,1200.0,3208730.0,3.76,130.0,47.58
338100,NH프라임리츠,Unknown,89288100000,4785.0,77033.0,1.19,-65.0,66.22
006090,사조오양,Unknown,89610247890,9510.0,3492.0,0.5,-60.0,27.84
014440,영보화학,Unknown,88600000000,4430.0,39019.0,1.2,30.0,52.38
004960,한신공영,Unknown,87821628180,7590.0,38946.0,1.62,0.0,38.79
006490,인스코비,Unknown,87399755352,702.0,407116.0,0.86,-8.0,43.78
071090,하이스틸,Unknown,86823325300,4300.0,618223.0,1.1,185.0,52.97
111380,동인기연,Unknown,83647200000,13650.0,3361.0,0.37,0.0,41.29
012690,모나리자,Unknown,86308161800,2360.0,103924.0,1.55,5.0,34.94
014790,HL D&I,Unknown,86128317275,2275.0,59469.0,1.33,-55.0,28.3
001290,상상인증권,Unknown,83852930880,774.0,4491315.0,5.04,63.0,50.5
009200,무림페이퍼,Unknown,83842759650,2015.0,39627.0,0.33,28.0,50.0
001260,남광토건,Unknown,83675187720,8510.0,68124.0,2.12,790.0,57.14
004830,덕성,Unknown,83417600000,5320.0,112012.0,0.46,-30.0,43.48
006880,신송홀딩스,Unknown,83156871740,7030.0,179570.0,0.46,130.0,57.93
007590,동방아그로,Unknown,83067219700,6100.0,6800.0,0.97,-50.0,20.0
001275,부국증권우,Unknown,82350000000,27450.0,7588.0,1.55,1000.0,55.22
010960,삼호개발,Unknown,81405000000,3375.0,40282.0,0.92,-25.0,35.56
129260,인터지스,Unknown,79724302320,2680.0,52894.0,0.67,-95.0,46.15
001470,삼부토건,Unknown,79699592928,347.0,0.0,,0.0,
016090,대현,Unknown,79309617210,1791.0,99067.0,1.3,14.0,26.6
009180,한솔로지스틱스,Unknown,78273193500,2780.0,86334.0,1.22,-60.0,39.56
001380,SG글로벌,Unknown,77787967390,1730.0,241611.0,0.81,-32.0,54.87
078935,GS우,Unknown,77461448400,43400.0,7210.0,1.29,900.0,53.66
047400,유니온머티리얼,Unknown,77154000000,1837.0,3456883.0,0.65,-373.0,64.24
004100,태양금속,Unknown,76703000000,2090.0,100720.0,0.25,0.0,46.03
024900,디와이덕양,Unknown,76690527900,2355.0,124323.0,0.43,270.0,56.93
004720,팜젠사이언스,Unknown,76673624400,4080.0,39985.0,0.55,-100.0,21.15
003560,IHQ,Unknown,76220934800,10760.0,0.0,,0.0,
372910,한컴라이프케어,Unknown,74167408080,2680.0,61825.0,0.45,10.0,37.69
111110,호전실업,Unknown,75383040000,8040.0,32591.0,0.35,-640.0,57.02
133820,화인베스틸,Unknown,75764473680,2170.0,267932.0,0.3,181.0,72.67
013870,지엠비코리아,Unknown,74954060400,3930.0,12497.0,0.88,-5.0,32.26
004540,깨끗한나라,Unknown,74108979070,1990.0,39677.0,0.63,-9.0,38.37
004450,삼화왕관,Unknown,73356604950,34050.0,132.0,0.02,-400.0,46.32
000220,유유제약,Unknown,72813300525,4275.0,27729.0,0.91,-25.0,34.74
009770,삼정펄프,Unknown,72624157550,29050.0,3122.0,0.9,-550.0,67.53
000910,유니온,Unknown,72437912160,4640.0,399094.0,0.27,-1290.0,52.04
006370,대구백화점,Unknown,72396577590,6690.0,17198.0,0.61,10.0,44.83
013360,일성건설,Unknown,71907115280,1331.0,163269.0,0.8,16.0,40.82
092440,기신정기,Unknown,71832000000,2460.0,38926.0,0.98,-35.0,34.88
000850,화천기공,Unknown,71720000000,32600.0,2488.0,0.85,300.0,56.67
003925,남양유업우,Unknown,71700000000,35850.0,3909.0,0.68,1650.0,27.01
005750,대림바스,Unknown,71607270800,4295.0,19261.0,0.74,-115.0,18.45
055490,테이팩스,Unknown,71544750000,15000.0,17438.0,1.4,1530.0,54.59
357250,미래에셋맵스리츠,Unknown,69736342950,2790.0,29980.0,1.21,0.0,48.48
100220,비상교육,Unknown,71352108090,5490.0,18816.0,0.45,-30.0,40.62
051630,진양화학,Unknown,71338000000,3365.0,314942.0,1.16,155.0,79.77
102280,쌍방울,Unknown,70637274900,2690.0,0.0,,0.0,
031820,아이티센씨티에스,Unknown,69725644416,576.0,352472.0,1.2,-23.0,35.04
003010,혜인,Unknown,69665853560,5480.0,97602.0,0.86,-40.0,54.95
072130,유엔젤,Unknown,69506497060,5390.0,84783.0,0.55,30.0,35.71
002630,오리엔트바이오,Unknown,69371057925,585.0,1614391.0,2.43,21.0,49.25
002795,아모레퍼시픽홀딩스우,Unknown,69334965200,10760.0,17980.0,1.41,-230.0,40.24
004910,조광페인트,Unknown,67840000000,5300.0,73596.0,2.43,-100.0,29.73
009190,대양금속,Unknown,66084716250,1530.0,260806.0,1.06,-29.0,34.6
002140,고려산업,Unknown,65590687750,2630.0,73859.0,0.86,50.0,44.23
023810,인팩,Unknown,65300000000,6530.0,18933.0,1.02,280.0,47.52
378850,화승알앤에이,Unknown,64103477625,3375.0,221993.0,0.51,180.0,48.0
011300,성안머티리얼스,Unknown,64425717450,414.0,1564615.0,0.28,-107.0,52.46
004060,SG세계물산,Unknown,63359012480,313.0,306650.0,1.24,-1.0,35.29
001550,조비,Unknown,63656850140,12260.0,43200.0,1.68,570.0,45.8
018500,동원금속,Unknown,63259424349,1353.0,223230.0,0.97,69.0,62.84
120115,코오롱인더우,Unknown,63245601000,22850.0,2722.0,0.53,100.0,31.37
481850,신한글로벌액티브리츠,Unknown,61129595584,1406.0,87392.0,1.15,-15.0,24.42
013700,까뮤이앤씨,Unknown,63096876480,1056.0,54262.0,0.94,-38.0,27.01
000890,보해양조,Unknown,62325817792,448.0,346793.0,1.13,7.0,53.62
075180,새론오토모티브,Unknown,61728000000,3215.0,2589.0,0.19,50.0,48.67
002760,보락,Unknown,61577200000,1028.0,165822.0,1.29,-7.0,40.28
004440,삼일씨엔에스,Unknown,61431644275,4825.0,32051.0,1.61,225.0,50.85
37550L,DL이앤씨2우(전환),Unknown,60612993700,28700.0,1515.0,0.63,-50.0,39.71
004920,씨아이테크,Unknown,60980135874,1218.0,102734.0,0.59,-27.0,47.34
155660,DSR,Unknown,60240000000,3765.0,5505.0,0.43,15.0,43.37
011230,삼화전자,Unknown,59582017500,3525.0,139253.0,0.2,-550.0,47.58
004410,서울식품,Unknown,59211378322,158.0,2278015.0,0.23,-2.0,52.0
012160,영흥,Unknown,58760015760,580.0,365114.0,0.65,29.0,54.08
004870,티웨이홀딩스,Unknown,58618689892,518.0,184941.0,1.07,6.0,28.09
008870,금비,Unknown,58600000000,58600.0,2746.0,0.43,-300.0,40.51
009835,한화솔루션우,Unknown,58460422300,22700.0,8292.0,1.2,650.0,42.03
000950,전방,Unknown,58380000000,34750.0,1082.0,0.6,100.0,25.77
041650,상신브레이크,Unknown,58187629500,2710.0,44244.0,0.42,65.0,46.55
017040,광명전기,Unknown,57595690335,1329.0,366711.0,0.43,-47.0,63.04
123700,SJM,Unknown,57113926680,3660.0,51411.0,0.88,45.0,62.63
017180,명문제약,Unknown,56905988904,1676.0,69874.0,0.96,-57.0,39.36
004770,써니전자,Unknown,56634363610,1595.0,107458.0,0.51,-45.0,46.06
011420,갤럭시아에스엠,Unknown,56476770200,2050.0,118713.0,0.5,-40.0,42.86
006740,영풍제지,Unknown,56462807708,991.0,60598.0,0.63,-6.0,8.57
093240,형지엘리트,Unknown,56433680730,1470.0,17580059.0,12.87,-30.0,35.9
003080,SB성보,Unknown,56056000000,2800.0,23928.0,1.09,-5.0,36.36
010770,평화홀딩스,Unknown,55869280120,3820.0,106608.0,1.33,115.0,48.18
002880,대유에이텍,Unknown,55859103900,1195.0,62263.0,0.62,4.0,58.06
000650,천일고속,Unknown,55811041000,39050.0,5317.0,9.22,-600.0,30.3
000725,현대건설우,Unknown,54211220200,51400.0,2373.0,0.65,500.0,50.0
090080,평화산업,Unknown,54133627374,986.0,153771.0,0.73,31.0,50.63
021050,서원,Unknown,54121032600,1140.0,99041.0,0.78,12.0,48.72
025560,미래산업,Unknown,54015980700,12050.0,86297.0,1.58,30.0,61.21
007610,선도전기,Unknown,54000000000,3000.0,0.0,,0.0,
025750,한솔홈데코,Unknown,53978649830,670.0,161993.0,1.02,1.0,34.43
109070,주성코퍼레이션,Unknown,53972055060,1022.0,157466.0,0.26,-56.0,50.47
025530,SJM홀딩스,Unknown,53613088720,3590.0,36349.0,2.97,-30.0,51.9
118000,메타케어,Unknown,53250982840,310.0,348924.0,0.06,-13.0,37.8
069730,DSR제강,Unknown,53208000000,3695.0,32750.0,2.1,-20.0,34.57
002410,범양건영,Unknown,53173451700,1935.0,0.0,,0.0,
28513K,SK케미칼우,Unknown,53097267900,25100.0,7912.0,1.66,200.0,34.48
465770,STX그린로지스,Unknown,51703140720,7210.0,36967.0,0.21,-190.0,43.23
058730,다스코,Unknown,53007373620,2820.0,55482.0,0.76,50.0,38.98
023350,한국종합기술,Unknown,52669500000,4810.0,32362.0,0.22,70.0,65.62
005305,롯데칠성우,Unknown,52643549000,67900.0,3341.0,2.23,-700.0,31.11
001620,케이비아이동국실업,Unknown,52641603663,473.0,82627.0,1.0,1.0,35.71
008250,이건산업,Unknown,52627411175,4805.0,94872.0,0.39,195.0,49.36
002920,유성기업,Unknown,52154475000,2010.0,32007.0,1.19,22.0,50.0
027740,마니커,Unknown,51507605908,811.0,108583.0,0.99,-5.0,18.37
006980,우성,Unknown,51386700000,16630.0,13672.0,5.34,170.0,46.71
019490,엑시큐어하이트론,Unknown,50751027280,664.0,894522.0,0.41,-14.0,50.0
009320,아진전자부품,Unknown,50729463330,1029.0,65672.0,1.38,21.0,48.31
003535,한화투자증권우,Unknown,50400000000,10500.0,164565.0,0.18,-1970.0,59.34
019175,신풍제약우,Unknown,50380000000,22900.0,2685.0,0.28,-400.0,20.79
010640,진양폴리,Unknown,49950000000,4995.0,75373.0,0.66,-55.0,68.77
001465,BYC우,Unknown,49861627500,23150.0,3425.0,1.07,-750.0,17.24
010600,웰바이오텍,Unknown,49553256815,545.0,0.0,,0.0,
134790,시디즈,Unknown,49500000000,24750.0,636.0,0.21,-300.0,54.29
023960,에쓰씨엔지니어링,Unknown,49370695550,1298.0,91399.0,0.57,58.0,65.12
003475,유안타증권우,Unknown,48743600300,3775.0,207214.0,3.31,125.0,56.56
092780,DYP,Unknown,47999036700,3645.0,5331.0,0.29,155.0,31.62
357430,마스턴프리미어리츠,Unknown,46063013570,1510.0,74463.0,1.6,4.0,23.16
009810,플레이그램,Unknown,47085125000,310.0,165832.0,0.65,-8.0,25.93
012280,영화금속,Unknown,46704712520,904.0,95565.0,1.03,65.0,56.74
020760,일진디스플,Unknown,46465394382,902.0,0.0,,0.0,
008420,문배철강,Unknown,46337921300,2260.0,184739.0,1.0,10.0,38.95
003465,유화증권우,Unknown,46137762000,2640.0,4906.0,0.79,35.0,61.29
006125,SK디스커버리우,Unknown,45935925000,35000.0,5556.0,1.73,-250.0,39.13
026940,부국철강,Unknown,45800000000,2290.0,49577.0,0.65,100.0,38.46
145270,케이탑리츠,Unknown,45657735300,950.0,75189.0,1.21,-5.0,45.24
002870,신풍,Unknown,44047962000,1260.0,153076.0,0.69,56.0,73.44
308170,씨티알모빌리티,Unknown,42145950000,4895.0,5446.0,0.75,85.0,42.94
000040,KR모터스,Unknown,43533092736,504.0,232071.0,0.52,-10.0,45.45
001210,금호전기,Unknown,43887999861,713.0,304967.0,0.61,-143.0,22.01
002360,SH에너지화학,Unknown,43342154700,390.0,257531.0,0.5,-6.0,20.37
049800,우진플라임,Unknown,41800000000,2090.0,3910.0,0.22,-35.0,41.82
37550K,DL이앤씨우,Unknown,40269509250,19050.0,3923.0,0.61,350.0,44.44
006570,대림통상,Unknown,41259750000,2710.0,4086.0,0.79,35.0,62.1
000215,DL우,Unknown,39792314000,23600.0,3267.0,0.69,700.0,55.0
014130,한익스프레스,Unknown,39180000000,3265.0,8914.0,0.56,110.0,56.63
005360,모나미,Unknown,38550506280,2040.0,68249.0,0.36,-20.0,53.3
446070,유니드비티플러스,Unknown,38359542225,3615.0,15627.0,0.91,5.0,29.09
005030,부산주공,Unknown,38288532168,486.0,0.0,,0.0,
012200,계양전기,Unknown,37567504020,1380.0,30690.0,0.68,-25.0,22.48
074610,이엔플러스,Unknown,37494486519,511.0,0.0,,0.0,
005320,온타이드,Unknown,36102364320,528.0,103735.0,0.38,16.0,50.33
023150,MH에탄올,Unknown,37335341560,5060.0,4186.0,0.65,10.0,45.71
009460,한창제지,Unknown,35203816740,590.0,36616.0,0.44,-11.0,26.39
033250,체시스,Unknown,35200000000,1100.0,130944.0,0.54,-12.0,51.83
143210,핸즈코퍼레이션,Unknown,34629307501,1583.0,12855.0,1.63,-17.0,26.95
024890,대원화성,Unknown,35185526656,853.0,107109.0,0.32,-68.0,48.9
004270,남성,Unknown,34365339840,949.0,30152.0,0.83,-19.0,11.94
000760,이화산업,Unknown,34356000000,12270.0,2174.0,3.14,-50.0,40.91
33626L,두산퓨얼셀2우B,Unknown,33834779000,11330.0,3822.0,0.39,160.0,57.28
006200,한국전자홀딩스,Unknown,34306698688,733.0,65770.0,0.08,-19.0,35.39
013000,세우글로벌,Unknown,33900641611,1181.0,180783.0,2.27,81.0,73.91
011090,에넥스,Unknown,33655310601,561.0,121336.0,0.89,-13.0,25.93
002690,동일제강,Unknown,33556495080,1653.0,230321.0,8.19,37.0,65.96
001140,국보,Unknown,33456978680,2110.0,0.0,,0.0,
002070,비비안,Unknown,33399900903,739.0,105257.0,0.51,-12.0,44.76
001070,대한방직,Unknown,33390000000,6300.0,21873.0,2.3,-50.0,36.09
003680,한성기업,Unknown,33034619800,5320.0,17383.0,0.4,0.0,33.64
069640,한세엠케이,Unknown,32843165966,733.0,56339.0,1.11,-24.0,10.81
002420,세기상사,Unknown,32834714000,5500.0,5597.0,1.36,-50.0,46.23
090370,메타랩스,Unknown,32475714456,1304.0,45740.0,1.03,22.0,36.8
005820,원림,Unknown,32493295800,14140.0,393.0,0.7,-50.0,37.61
002820,SUN&L,Unknown,32339491785,2565.0,635.0,0.05,-35.0,27.45
009140,경인전자,Unknown,32122798650,20450.0,1851.0,0.53,-150.0,47.06
33637K,솔루스첨단소재1우,Unknown,30807771652,1822.0,38457.0,1.14,48.0,51.95
044380,주연테크,Unknown,31273567270,485.0,328574.0,1.96,-43.0,29.69
004365,세방우,Unknown,31801335000,8620.0,2917.0,0.35,-180.0,25.96
145210,다이나믹디자인,Unknown,30139151730,830.0,124693.0,0.13,-108.0,63.4
008775,호텔신라우,Unknown,29624032600,39400.0,1051.0,0.4,-350.0,26.7
030720,동원수산,Unknown,29691275900,6380.0,16524.0,0.67,-180.0,58.78
024070,WISCOM,Unknown,29319475894,1913.0,7551.0,1.06,-44.0,40.43
084870,TBH글로벌,Unknown,28031564736,1344.0,32414.0,0.37,10.0,48.5
005110,한창,Unknown,26467434378,1254.0,0.0,,0.0,
014910,성문전자,Unknown,26077203585,1161.0,1991300.0,14.07,28.0,47.83
002210,동성제약,Unknown,25900780311,973.0,0.0,,0.0,
015020,이스타코,Unknown,25839514800,603.0,119291.0,0.75,-25.0,31.58
088790,진도,Unknown,25455636480,2045.0,90802.0,0.19,121.0,67.91
003495,대한항공우,Unknown,25437182600,22900.0,3885.0,1.21,300.0,36.54
00499K,롯데지주우,Unknown,24933412850,30950.0,682.0,0.5,650.0,45.07
001420,태원물산,Unknown,25156000000,3310.0,514.0,0.15,-20.0,42.22
002025,코오롱우,Unknown,24487872500,22750.0,15348.0,0.3,1100.0,48.85
015260,에이엔피,Unknown,23776603138,527.0,159754.0,0.81,15.0,65.38
019685,대교우B,Unknown,23759208770,1223.0,369022.0,10.52,-24.0,23.75
007120,미래아이앤지,Unknown,23507186912,814.0,61055.0,1.3,-60.0,22.38
010400,우진아이엔에스,Unknown,23247100000,3050.0,6395.0,0.66,10.0,52.21
35320K,대덕전자1우,Unknown,22924977860,10940.0,13727.0,0.53,-290.0,69.73
007815,코리아써우,Unknown,23065288200,7780.0,57245.0,0.46,320.0,63.14
001685,대상우,Unknown,23006044170,16790.0,5133.0,0.49,100.0,43.86
001770,SHD,Unknown,22754664940,18730.0,1141.0,0.42,240.0,71.58
008500,일정실업,Unknown,22596000000,18830.0,71819.0,0.3,250.0,58.97
012170,아센디오,Unknown,22399910580,2060.0,61809.0,0.28,40.0,50.0
005257,녹십자홀딩스2우,Unknown,22418735000,26500.0,977.0,0.6,-200.0,34.62
084670,동양고속,Unknown,22324836990,7710.0,219920.0,16.25,-390.0,25.81
009310,참엔지니어링,Unknown,21827899138,1286.0,36138.0,0.73,-5.0,49.56
002355,넥센타이어1우B,Unknown,21742500000,3345.0,3242.0,0.18,95.0,58.54
008600,윌비스,Unknown,21381060402,318.0,165298.0,0.8,4.0,31.51
025890,한국주강,Unknown,21227479143,1877.0,18392.0,0.36,9.0,30.73
108675,LX하우시스우,Unknown,17611549800,17060.0,990.0,0.19,-30.0,39.78
009440,KC그린홀딩스,Unknown,17568790596,756.0,0.0,,0.0,
18064K,한진칼우,Unknown,17203350300,32050.0,862.0,0.26,1650.0,29.61
000087,하이트진로2우B,Unknown,17539741760,15520.0,934.0,0.56,-50.0,55.56
005725,넥센우,Unknown,16904817000,4695.0,35.0,0.02,195.0,44.56
152550,한국ANKOR유전,Unknown,16524720000,236.0,225306.0,0.18,1.0,40.0
204210,스타에스엠리츠,Unknown,15927568525,2035.0,0.0,,0.0,
33637L,솔루스첨단소재2우B,Unknown,14300850360,3785.0,3397.0,0.76,180.0,50.43
001795,대한제당우,Unknown,15915175800,2455.0,40518.0,1.11,-15.0,50.0
140910,에이리츠,Unknown,13969290160,3130.0,0.0,,0.0,
145995,삼양사우,Unknown,13267009500,35850.0,324.0,0.3,300.0,43.59
38380K,LX홀딩스1우,Unknown,12528186750,8550.0,2075.0,2.34,0.0,29.17
071950,코아스,Unknown,13146426400,3995.0,102938.0,0.71,-1000.0,16.7
091090,세원이앤씨,Unknown,12924907135,245.0,5946669.0,2.95,-1025.0,3.54
004255,NPC우,Unknown,13094400000,2480.0,5544.0,0.91,-10.0,51.06
001067,JW중외제약2우B,Unknown,12199431300,58100.0,340.0,4.68,-2300.0,32.08
084695,대상홀딩스우,Unknown,12121906140,13270.0,35440.0,0.43,-80.0,52.34
00806K,대덕1우,Unknown,11032448700,9100.0,315.0,0.08,-50.0,71.6
003075,코오롱글로벌우,Unknown,11711051970,15810.0,1171.0,0.28,410.0,57.04
004835,덕성우,Unknown,10829760000,7780.0,28527.0,0.4,410.0,57.83
000225,유유제약1우,Unknown,10473216600,4620.0,8331.0,1.52,-265.0,36.27
004105,태양금속우,Unknown,10428000000,3160.0,10971.0,0.12,30.0,55.7
001515,SK증권우,Unknown,10231224110,2615.0,20719.0,0.3,-330.0,64.67
006345,대원전선우,Unknown,9986772000,3810.0,19319.0,0.61,-200.0,54.82
001755,한양증권우,Unknown,9576000000,18240.0,7309.0,1.75,570.0,60.59
001065,JW중외제약우,Unknown,9369457400,27400.0,390.0,1.76,-600.0,47.62
004985,성신양회우,Unknown,8305432050,11290.0,2831.0,0.85,0.0,42.93
45226K,한화갤러리아우,Unknown,6680281000,2300.0,21142.0,2.82,70.0,57.3
000325,노루홀딩스우,Unknown,7611218750,31250.0,627.0,1.4,-750.0,23.33
26490K,크라운제과우,Unknown,7526738800,9730.0,6869.0,0.54,0.0,52.43
36328K,티와이홀딩스우,Unknown,6550683780,5270.0,2944.0,0.53,40.0,44.72
090355,노루페인트우,Unknown,6317038640,13640.0,829.0,1.25,-270.0,46.31
000145,하이트진로홀딩스우,Unknown,5871000700,12470.0,2248.0,2.12,590.0,70.97
00781K,코리아써키트2우B,Unknown,5862068520,7480.0,1704.0,0.53,20.0,73.4
007575,일양약품우,Unknown,5777138400,12980.0,0.0,,0.0,
000545,흥국화재우,Unknown,5683200000,7400.0,10990.0,0.76,10.0,55.95
014285,금강공업우,Unknown,5190900000,8800.0,431800.0,13.12,1520.0,62.91
005745,크라운해태홀딩스우,Unknown,4925953200,8200.0,1277.0,0.5,-250.0,47.59
014825,동원시스템즈우,Unknown,4764562440,18040.0,72.0,0.25,330.0,68.02
004545,깨끗한나라우,Unknown,4302380000,11750.0,278.0,0.66,-90.0,48.77
005965,동부건설우,Unknown,4239246960,18780.0,235.0,1.89,-200.0,48.0
008355,남선알미우,Unknown,3928676400,12760.0,1269.0,1.52,420.0,49.5
001525,동양우,Unknown,3731095240,6040.0,92394.0,0.62,670.0,58.7
012205,계양전기우,Unknown,3577381740,3060.0,4610.0,1.57,-15.0,58.33
000227,유유제약2우B,Unknown,3457447200,10620.0,179.0,0.16,-160.0,48.91
011155,CJ씨푸드1우,Unknown,3420000000,17100.0,435.0,1.25,340.0,63.53
002995,금호건설우,Unknown,3264611220,11170.0,566.0,0.68,60.0,49.28
009415,태영건설우,Unknown,3243370260,4990.0,577.0,0.45,-200.0,47.96
002785,진흥기업우B,Unknown,3184564870,3715.0,285.0,0.38,125.0,74.25
004415,서울식품우,Unknown,2840686500,1277.0,45592.0,1.11,53.0,51.99
001527,동양2우B,Unknown,2758606860,8940.0,15570.0,0.28,540.0,52.56
014915,성문전자우,Unknown,2610000000,4350.0,73756.0,6.47,310.0,58.13
002787,진흥기업2우B,Unknown,2376152480,8060.0,548.0,0.81,260.0,58.33
